{"sections":{"banner":{"type":"main-collection-banner","disabled":true,"settings":{"show_collection_description":true,"show_collection_image":true,"color_scheme":"scheme-1"}},"collection_list_F4fHCP":{"type":"collection-list","blocks":{"featured_collection_JGajR8":{"type":"featured_collection","settings":{"collection":"cleansers"}},"featured_collection_XFhgEy":{"type":"featured_collection","settings":{"collection":"face-masks"}},"featured_collection_QHGDaH":{"type":"featured_collection","settings":{"collection":"sensitive-skins"}},"featured_collection_Qx6hjm":{"type":"featured_collection","settings":{"collection":"suncream"}},"featured_collection_CgCfbw":{"type":"featured_collection","settings":{"collection":"face-cosmetics"}},"featured_collection_aHXDFy":{"type":"featured_collection","settings":{"collection":"face-cosmetics"}}},"block_order":["featured_collection_JGajR8","featured_collection_XFhgEy","featured_collection_QHGDaH","featured_collection_Qx6hjm","featured_collection_CgCfbw","featured_collection_aHXDFy"],"settings":{"full_width":false,"color_scheme":"scheme-1","background_opacity":100,"title":"","heading_size":"h2","richtext":"","text_position":"above","column_alignment":"left","collection_description":false,"collection_count":true,"collection_card_column_alignment":"center","collection_card_aspect_ratio":"adapt","desktop":"4","mobile":"1","swiper_enable":true,"auto_play":0,"centered_mode":false,"space":45,"styles":"none","nav_style":"modern","padding_top":120,"padding_bottom":60,"shapes":"none","shape_top_color":"#ffffff","shape_bottom_color":"#ffffff"}},"product-grid":{"type":"main-collection-product-grid","settings":{"full_width":false,"color_scheme":"scheme-1","products_per_page":8,"columns_desktop":3,"filter_color_scheme":"scheme-2","enable_filtering":true,"filter_layout":"vertical","expand_panel":false,"enable_sorting":true,"enable_filter_count":false,"enable_product_count":true,"show_active_filters":true,"vendor":true,"quick_button":true,"card_description":false,"swatch_color":true,"show_secondary_image":false,"product_card_column_alignment":"left","card_aspect_ratio":"square","pagination":"scroll","padding_top":88,"padding_bottom":124}}},"order":["banner","collection_list_F4fHCP","product-grid"]}