{"sections":{"main":{"type":"main-page","disabled":true,"settings":{"color_scheme":"","padding_top":40,"padding_bottom":40}},"image_banner_9W6gVP":{"type":"image-banner","blocks":{"heading_Chqf74":{"type":"heading","settings":{"heading":"Our Story","heading_size":"h1"}}},"block_order":["heading_Chqf74"],"settings":{"full_width":true,"color_scheme":"scheme-2","image":"shopify:\/\/shop_images\/Frame_134299.png","image_overlay_opacity":0,"banner_height":"medium","content_position":"center","column_alignment":"center","margin_top":0,"margin_bottom":0,"shapes":"shaper-bottom","shape_top_color":"#ffffff","shape_bottom_color":"#d9beff"}},"content_showcase_aYw6KX":{"type":"content-showcase","blocks":{"icon_i3KV8t":{"type":"icon","settings":{"block_image":"shopify:\/\/shop_images\/content_showcase-1.png","show_case_image_width":250,"word_position":2,"link":"shopify:\/\/collections\/all"}},"icon_gCAVaY":{"type":"icon","settings":{"block_image":"shopify:\/\/shop_images\/content_showcase-2.png","show_case_image_width":250,"word_position":7,"link":"shopify:\/\/collections\/all"}},"icon_bAfa4y":{"type":"icon","settings":{"block_image":"shopify:\/\/shop_images\/content_showcase-3.png","show_case_image_width":250,"word_position":9,"link":"shopify:\/\/collections\/all"}}},"block_order":["icon_i3KV8t","icon_gCAVaY","icon_bAfa4y"],"settings":{"full_width":false,"color_scheme":"scheme-2","background_opacity":100,"max_width":1100,"subheading":"","long_text":"At LoliPop, We Blend Science with Nature To Create Skincare Skin.","description":"We make skincare that your skin genuinely deserves by skillfully fusing the miracles of technology, the purity of nature, and the delicate beauty of butterflies. Our skin-nurturing and skin-protecting.","column_alignment":"center","column_alignment_mobile":"center","padding_top":92,"padding_bottom":160}},"image_with_text_RNwDKq":{"type":"image-with-text","blocks":{"caption_yTriRN":{"type":"caption","settings":{"caption":"What we do"}},"heading_zYBrgi":{"type":"heading","settings":{"heading":"Cutting-edge Innovative Formulations.","heading_size":"h2"}},"text_WCmWH9":{"type":"text","settings":{"text":"<p>We use cutting-edge technology and the most recent skincare research to develop solutions that provide apparent results. From moisturizing serums to vivid cosmetics, our carefully chosen components work together to nurture, protect, and enhance your skin. Each product is handcrafted with care and accuracy, guaranteeing that you only receive the finest.<br\/><br\/>We encourage cruelty-free practices across our supply chain and work with vendors that share our ethical values. We work together to make the earth a nicer place for all living beings.<\/p>"}},"bulletpoints_xDqRbp":{"type":"bulletpoints","settings":{"text":"We preserve our world for future."}},"bulletpoints_FeTVXP":{"type":"bulletpoints","settings":{"text":"Recyclable and biodegradable packaging."}},"bulletpoints_WFaW9f":{"type":"bulletpoints","settings":{"text":"Designed with love and accuracy."}}},"block_order":["caption_yTriRN","heading_zYBrgi","text_WCmWH9","bulletpoints_xDqRbp","bulletpoints_FeTVXP","bulletpoints_WFaW9f"],"settings":{"full_width":false,"color_scheme":"","image":"shopify:\/\/shop_images\/01_6257df75-edbf-4b3c-bc7c-ecaa421afa12.png","image_width":"medium","banner_height":"adapt","layout":"image_first","column_alignment":"left","column_alignment_mobile":"left","padding_top":160,"padding_bottom":80,"shapes":"shaper-top","shape_top_color":"#d9beff","shape_bottom_color":"#d9beff"}},"image_with_text_xDHcwx":{"type":"image-with-text","blocks":{"caption_KPVJt7":{"type":"caption","settings":{"caption":"How we do"}},"heading_FdMAMn":{"type":"heading","settings":{"heading":"We understand the importance of safeguarding.","heading_size":"h2"}},"text_mQUEBP":{"type":"text","settings":{"text":"<p> we make sustainability a priority in everything we do, from ingredient sourcing to packaging. Our products are packaged in recyclable and biodegradable materials, and we are constantly looking for methods to lower our carbon footprint. By selecting Lollipop, you are supporting eco-friendly activities that lead to a healthy environment.<br\/><br\/><\/p>"}},"bulletpoints_wcNX4P":{"type":"bulletpoints","settings":{"text":"We invest resources in research."}},"bulletpoints_J96dhJ":{"type":"bulletpoints","settings":{"text":"Committed to continuous improvement."}},"bulletpoints_DCaLje":{"type":"bulletpoints","settings":{"text":"We deliver the best cosmetics products."}}},"block_order":["caption_KPVJt7","heading_FdMAMn","text_mQUEBP","bulletpoints_wcNX4P","bulletpoints_J96dhJ","bulletpoints_DCaLje"],"settings":{"full_width":false,"color_scheme":"","image":"shopify:\/\/shop_images\/02_1edb1dee-f89d-4225-b69d-ee31d4ec2059.png","image_width":"medium","banner_height":"adapt","layout":"text_first","column_alignment":"left","column_alignment_mobile":"left","padding_top":80,"padding_bottom":160,"shapes":"none","shape_top_color":"#ffffff","shape_bottom_color":"#ffc6ef"}},"toggle_content_yAqYWM":{"type":"toggle-content","blocks":{"collapsible_row_ANCPME":{"type":"collapsible_row","settings":{"heading":"What are the different sorts of cosmetics?","icon":"none","row_content":"<p>Cosmetics include a wide range of goods, such as skincare (cleansers, moisturizers, serums) for better skin health and cosmetics (foundation, lipstick, eyeshadow) for enhancing look. <\/p>","page":""}},"collapsible_row_Rw8iar":{"type":"collapsible_row","settings":{"heading":"Are your cosmetics tested on animals?","icon":"none","row_content":"<p>No, we do not test our products on animals. We are committed to cruelty-free processes, which means that our goods are developed without causing any damage to animals.<\/p>","page":""}},"collapsible_row_Txpb98":{"type":"collapsible_row","settings":{"heading":"What happens if i use expired cosmetics?","icon":"none","row_content":"<p>Using outdated cosmetics might impair their efficacy and cause skin irritation or illnesses from bacteria development. Check expiry dates & discard any goods that have changed in color.<\/p>","page":""}},"collapsible_row_3QJPJj":{"type":"collapsible_row","settings":{"heading":"How do I choose the right cosmetics?","icon":"none","row_content":"<p>Consider your skin type and any special issues you may have, such as dryness, acne, or sensitivity, when selecting cosmetics. Testing will help you find the perfect fit for your skin.<\/p>","page":""}}},"block_order":["collapsible_row_ANCPME","collapsible_row_Rw8iar","collapsible_row_Txpb98","collapsible_row_3QJPJj"],"settings":{"full_width":false,"color_scheme":"scheme-d307d29a-9545-413c-87c5-947d9583e798","background_opacity":100,"richtext":"","text_position":"above","title":"Got Any Questions?","heading_size":"h2","column_alignment":"center","banner_height":"adapt","layout":"text_first","open_first":false,"padding_top":160,"padding_bottom":140,"shapes":"shaper-top","shape_top_color":"#ffc6ef","shape_bottom_color":"#d9beff"}}},"order":["main","image_banner_9W6gVP","content_showcase_aYw6KX","image_with_text_RNwDKq","image_with_text_xDHcwx","toggle_content_yAqYWM"]}