{"sections":{"main":{"type":"main-page","disabled":true,"settings":{"color_scheme":"","padding_top":40,"padding_bottom":40}},"toggle_content_WRbYG4":{"type":"toggle-content","blocks":{"collapsible_row_NYagDN":{"type":"collapsible_row","settings":{"heading":"What are the best ways to keep cosmetics?","row_content":"<p>To maintain your cosmetics in good condition, keep them in a cool, dry location away from direct sunlight. Containers should be firmly sealed to prevent exposure to air and microorganisms.<\/p>","page":""}},"collapsible_row_iPUFHY":{"type":"collapsible_row","settings":{"heading":"Can I apply your cosmetics on delicate skin?","row_content":"<p>Yes, our cosmetics are designed to be mild and safe for fragile skin. We utilize carefully selected components to reduce irritation, however we always recommend doing a patch test on skin.<\/p>","page":""}},"collapsible_row_hPrjjf":{"type":"collapsible_row","settings":{"heading":"Why is it important to avoid using skincare products after they expire?","row_content":"<p>Using outdated cosmetics might impair their efficacy and cause skin irritation or illnesses from bacteria development. Check expiry dates & discard any goods that have changed in color.<\/p>","page":""}},"collapsible_row_mfMhbX":{"type":"collapsible_row","settings":{"heading":"How frequently should I change my makeup tools?","row_content":"<p>Makeup brushes and sponges should be cleaned and changed on a regular basis. Sponges should be replaced every 1-3 months, as they can harbor germs despite thorough washing.<\/p>","page":""}},"collapsible_row_J4cBxb":{"type":"collapsible_row","settings":{"heading":"Are your cosmetics tested on animals?","row_content":"<p>No, we do not test our products on animals. We are committed to cruelty-free processes, which means that our goods are developed without causing any damage to animals.<\/p>","page":""}},"collapsible_row_qpEcGK":{"type":"collapsible_row","settings":{"heading":"What are the key points to check before buying makeup & skincare items?","row_content":"<p>Consider your skin type and any special issues you may have, such as dryness, acne, or sensitivity, when selecting cosmetics. Testing will help you find the perfect fit for your skin.<\/p>","page":""}}},"block_order":["collapsible_row_NYagDN","collapsible_row_iPUFHY","collapsible_row_hPrjjf","collapsible_row_mfMhbX","collapsible_row_J4cBxb","collapsible_row_qpEcGK"],"settings":{"full_width":false,"max_width":80,"column_alignment":"center","title":"Got any questions?","heading_size":"h1","color_scheme":"scheme-1c7d0f12-ba83-4816-8627-706f3a11554d","padding_top":160,"padding_bottom":160,"shapes":"none","shape_top_color":"#ffffff","shape_bottom_color":"#ffffff"}}},"order":["main","toggle_content_WRbYG4"]}