{
    "sections": {
        "main": {
            "type": "main-page",
            "disabled": true,
            "settings": {
                "color_scheme": "",
                "padding_top": 160,
                "padding_bottom": 160
            }
        },
        "shop_the_look_pFGQYe": {
            "type": "shop-the-look",
            "blocks": {
                "product_DqdF7M": {
                    "type": "product",
                    "settings": {
                        "product": "5-in-1-facial-serum",
                        "x_axis": 62,
                        "y_axis": 43,
                        "md_x_axis": 62,
                        "md_y_axis": 43
                    }
                },
                "product_9FTydb": {
                    "type": "product",
                    "settings": {
                        "product": "cream-finish-lipstick",
                        "x_axis": 70,
                        "y_axis": 62,
                        "md_x_axis": 70,
                        "md_y_axis": 62
                    }
                },
                "product_NKNMTV": {
                    "type": "product",
                    "settings": {
                        "product": "hydro-boost-gel-lotion",
                        "x_axis": 66,
                        "y_axis": 82,
                        "md_x_axis": 66,
                        "md_y_axis": 82
                    }
                }
            },
            "block_order": [
                "product_DqdF7M",
                "product_9FTydb",
                "product_NKNMTV"
            ],
            "settings": {
                "full_width": false,
                "color_scheme": "",
                "background_opacity": 100,
                "richtext": "",
                "text_position": "below",
                "title": "SHOP THE LOOK",
                "heading_size": "h2",
                "column_alignment": "center",
                "block_color_scheme": "",
                "show_hotspots": true,
                "image": "shopify:\/\/shop_images\/AdobeStock_503772944.jpg",
                "mobile_image": "shopify:\/\/shop_images\/Hotspot-2-2.jpg",
                "image_placement": "left",
                "card_aspect_ratio": "portrait",
                "vendor": false,
                "show_secondary_image": false,
                "product_card_column_alignment": "left",
                "product_card_column_mob_alignment": "left",
                "desktop": "2",
                "mobile": "1",
                "swiper_enable": true,
                "style": "none",
                "nav_style": "classic",
                "space": 20,
                "padding_top": 160,
                "padding_bottom": 160,
                "shapes": "none",
                "shape_top_color": "#ffffff",
                "shape_bottom_color": "#ffffff"
            }
        },
        "collection_list_with_banner_FViCKG": {
            "type": "collection-list-with-banner",
            "blocks": {
                "text_Ltn8D3": {
                    "type": "text",
                    "settings": {
                        "text": "",
                        "description": "T-shirts, Baggy, Shirts & jackets T-shirts,",
                        "collection": "longline-tees",
                        "button_label": "Shop Now",
                        "button_options": "link"
                    }
                },
                "text_caphNY": {
                    "type": "text",
                    "settings": {
                        "text": "",
                        "description": "T-shirts, Baggy, Shirts & jackets",
                        "collection": "varsity-jackets",
                        "button_label": "Shop Now",
                        "button_options": "link"
                    }
                },
                "text_PX8hBW": {
                    "type": "text",
                    "settings": {
                        "text": "",
                        "description": "T-shirts, Baggy, Shirts &amp; jackets",
                        "collection": "logo-socks",
                        "button_label": "Shop Now",
                        "button_options": "link"
                    }
                }
            },
            "block_order": [
                "text_Ltn8D3",
                "text_caphNY",
                "text_PX8hBW"
            ],
            "settings": {
                "full_width": true,
                "color_scheme": "",
                "background_opacity": 70,
                "title": "",
                "heading_size": "h3",
                "richtext": "",
                "text_position": "below",
                "column_alignment": "left",
                "banner_background_opacity": 80,
                "banner_height": "large",
                "image_options": "second",
                "show_count": false,
                "block_column_alignment": "left",
                "mobile_column_alignment": "center",
                "padding_top": 0,
                "padding_bottom": 0,
                "shapes": "none",
                "shape_top_color": "#ffffff",
                "shape_bottom_color": "#ffffff"
            }
        },
        "testimonials_RjkdhU": {
            "type": "testimonials",
            "blocks": {
                "text_bXVwp4": {
                    "type": "text",
                    "settings": {
                        "quote_heading": "“Best Thrift Store ever”",
                        "quote_content": "<p>Sed vitae varius arcu. Sed tempus at sem id viverra. Maecenas eget tortor ante.<\/p>",
                        "author_image": "shopify:\/\/shop_images\/test-1.png",
                        "author": "Author Name",
                        "job_title": "Texas,CA",
                        "star": "3",
                        "image": "shopify:\/\/shop_images\/test-2-1.png"
                    }
                },
                "text_KgFLcG": {
                    "type": "text",
                    "settings": {
                        "quote_heading": "“Best Thrift Store ever”",
                        "quote_content": "<p>Sed vitae varius arcu. Sed tempus at sem id viverra. Maecenas eget tortor ante.<\/p>",
                        "author_image": "shopify:\/\/shop_images\/test-2.png",
                        "author": "Author Name",
                        "job_title": "Texas,CA",
                        "star": "3",
                        "image": "shopify:\/\/shop_images\/test-2-2.png"
                    }
                },
                "text_Ja8KPg": {
                    "type": "text",
                    "settings": {
                        "quote_heading": "“Best Thrift Store ever”",
                        "quote_content": "<p>Pair text with an image to focus on your chosen product, collection, or blog post. Add details on availability, style, or even provide a review.<\/p>",
                        "author_image": "shopify:\/\/shop_images\/test-1.png",
                        "author": "Author Name",
                        "job_title": "Texas,CA",
                        "star": "3",
                        "image": "shopify:\/\/shop_images\/test-2-3.png"
                    }
                },
                "text_Qgy3g6": {
                    "type": "text",
                    "settings": {
                        "quote_heading": "“Best Thrift Store ever”",
                        "quote_content": "<p>Pair text with an image to focus on your chosen product, collection, or blog post. Add details on availability, style, or even provide a review.<\/p>",
                        "author_image": "shopify:\/\/shop_images\/test-1.png",
                        "author": "Author Name",
                        "job_title": "Texas,CA",
                        "star": "3",
                        "image": "shopify:\/\/shop_images\/test-2-1.png"
                    }
                }
            },
            "block_order": [
                "text_bXVwp4",
                "text_KgFLcG",
                "text_Ja8KPg",
                "text_Qgy3g6"
            ],
            "settings": {
                "full_width": false,
                "color_scheme": "scheme-1",
                "background_opacity": 100,
                "title": "what they say",
                "heading_size": "h2",
                "richtext": "",
                "text_position": "below",
                "column_alignment": "left",
                "block_color_scheme": "",
                "block_text_alignment": "left",
                "content_separation": false,
                "enable_rating": true,
                "desktop": "3",
                "swiper_enable": true,
                "auto_play": 0,
                "space": 20,
                "style": "arrow",
                "nav_style": "modern",
                "padding_top": 132,
                "padding_bottom": 132,
                "shapes": "none",
                "shape_top_color": "#ffffff",
                "shape_bottom_color": "#ffffff"
            }
        },
        "shop_the_look_anGNfV": {
            "type": "shop-the-look",
            "blocks": {
                "product_fBB77q": {
                    "type": "product",
                    "settings": {
                        "product": "5-in-1-facial-serum",
                        "x_axis": 50,
                        "y_axis": 50,
                        "md_x_axis": 50,
                        "md_y_axis": 50
                    }
                },
                "product_RTKQpe": {
                    "type": "product",
                    "settings": {
                        "product": "antiperspirant-deodorant",
                        "x_axis": 50,
                        "y_axis": 50,
                        "md_x_axis": 50,
                        "md_y_axis": 50
                    }
                }
            },
            "block_order": [
                "product_fBB77q",
                "product_RTKQpe"
            ],
            "settings": {
                "full_width": false,
                "color_scheme": "",
                "background_opacity": 100,
                "richtext": "",
                "text_position": "below",
                "title": "Shop the look",
                "heading_size": "h2",
                "column_alignment": "center",
                "block_color_scheme": "",
                "show_hotspots": true,
                "image": "shopify:\/\/shop_images\/Hotspot-1-1.jpg",
                "image_placement": "left",
                "card_aspect_ratio": "portrait",
                "vendor": true,
                "show_secondary_image": false,
                "product_card_column_alignment": "center",
                "product_card_column_mob_alignment": "left",
                "desktop": "2",
                "mobile": "1",
                "swiper_enable": true,
                "style": "none",
                "nav_style": "classic",
                "space": 20,
                "padding_top": 160,
                "padding_bottom": 160,
                "shapes": "none",
                "shape_top_color": "#ffffff",
                "shape_bottom_color": "#ffffff"
            }
        },
        "product_comparison_table_3VmcQJ": {
            "type": "product-comparison-table",
            "blocks": {
                "heading_6zGDnC": {
                    "type": "heading",
                    "settings": {
                        "text_1": "Primary heading",
                        "text_2": "Row title",
                        "text_3": "Row title",
                        "text_4": "Row title",
                        "text_5": "Row title"
                    }
                },
                "product_XAmxkX": {
                    "type": "product",
                    "settings": {
                        "product": "",
                        "option_1": false,
                        "option_1_text": "",
                        "option_2": false,
                        "option_2_text": "",
                        "option_3": false,
                        "option_3_text": "",
                        "option_4": false,
                        "option_4_text": ""
                    }
                },
                "product_PkVXBw": {
                    "type": "product",
                    "settings": {
                        "product": "",
                        "option_1": false,
                        "option_1_text": "",
                        "option_2": false,
                        "option_2_text": "",
                        "option_3": false,
                        "option_3_text": "",
                        "option_4": false,
                        "option_4_text": ""
                    }
                },
                "product_PLwJeP": {
                    "type": "product",
                    "settings": {
                        "product": "",
                        "option_1": false,
                        "option_1_text": "",
                        "option_2": false,
                        "option_2_text": "",
                        "option_3": false,
                        "option_3_text": "",
                        "option_4": false,
                        "option_4_text": ""
                    }
                }
            },
            "block_order": [
                "heading_6zGDnC",
                "product_XAmxkX",
                "product_PkVXBw",
                "product_PLwJeP"
            ],
            "settings": {
                "full_width": false,
                "color_scheme": "",
                "background_opacity": 100,
                "richtext": "",
                "title": "comparison-table",
                "heading_size": "h2",
                "text_position": "below",
                "column_alignment": "left",
                "block_color_scheme": "",
                "padding_top": 160,
                "padding_bottom": 160,
                "shapes": "none",
                "shape_top_color": "#ffffff",
                "shape_bottom_color": "#ffffff"
            }
        }
    },
    "order": [
        "main",
        "shop_the_look_pFGQYe",
        "collection_list_with_banner_FViCKG",
        "testimonials_RjkdhU",
        "shop_the_look_anGNfV",
        "product_comparison_table_3VmcQJ"
    ]
}