{"sections":{"main":{"type":"main-page","disabled":true,"settings":{"color_scheme":"","padding_top":40,"padding_bottom":40}},"contact_form_nmcMFB":{"type":"contact-form","settings":{"full_width":false,"color_scheme":"scheme-1","background_opacity":100,"block_color_scheme":"scheme-2","richtext":"","text_position":"above","title":"Contact Form","heading_size":"h2","column_alignment":"left","show_add_content":"map_with_form","banner_height":"small","layout":"text_first","custom_liquid":"<iframe src=\"https:\/\/www.google.com\/maps\/embed?pb=!1m14!1m12!1m3!1d31327.20331667997!2d77.0408448!3d11.0460928!2m3!1f0!2f0!3f0!3m2!1i1024!2i768!4f13.1!5e0!3m2!1sen!2sin!4v1727776646673!5m2!1sen!2sin\" width=\"100%\" height=\"660\" style=\"border-bottom:2px solid;\" allowfullscreen=\"\" loading=\"lazy\" referrerpolicy=\"no-referrer-when-downgrade\"><\/iframe>","enable_info":true,"info_title":"Los Angeles","address":"414 Norman Street, Los Angeles, California","phone":"+000 1234 5678 9","email":"contact@example.com","padding_top":160,"padding_bottom":160}}},"order":["main","contact_form_nmcMFB"]}