{
    "sections": {
        "main": {
            "type": "main-product",
            "blocks": {
                "vendor_aCULpi": {
                    "type": "vendor",
                    "settings": {}
                },
                "title": {
                    "type": "title",
                    "settings": {}
                },
                "price": {
                    "type": "price",
                    "settings": {}
                },
                "text_WwxAim": {
                    "type": "text",
                    "settings": {
                        "text": ""
                    }
                },
                "icon_with_text_haYaGR": {
                    "type": "icon_with_text",
                    "settings": {
                        "title1": "Icon with text",
                        "icon1": "shopify:\/\/shop_images\/Group_134104_2.png",
                        "title2": "Icon with text",
                        "icon2": "shopify:\/\/shop_images\/Group_134105_2.png",
                        "title3": "Icon with text",
                        "icon3": "shopify:\/\/shop_images\/Group_134108.png",
                        "title4": "Icon with text",
                        "icon4": "shopify:\/\/shop_images\/Group_134106.png",
                        "title5": "Icon with text",
                        "icon5": "shopify:\/\/shop_images\/Group_134107.png"
                    }
                },
                "variant_selector_BP6J7Y": {
                    "type": "variant_selector",
                    "settings": {
                        "swatch_style": "button",
                        "color_swatch": true,
                        "swatch_shape": "circle"
                    }
                },
                "quantity_tLkWrh": {
                    "type": "quantity",
                    "settings": {}
                },
                "sku_ATy9Nw": {
                    "type": "sku",
                    "settings": {}
                },
                "checkout_buttons_7rU3TK": {
                    "type": "checkout_buttons",
                    "settings": {
                        "show_dynamic_checkout": true,
                        "show_gift_card_recipient": true
                    }
                },
                "pickup_availability_piC9xD": {
                    "type": "pickup_availability",
                    "settings": {}
                },
                "accordion_panel_iLLGjX": {
                    "type": "accordion_panel",
                    "settings": {
                        "heading": "Composition Details",
                        "content": "<ul><li>Harmful ingredients like parabens, sulfates, and artificial perfumes are absent from all of our cosmetic products. <\/li><li>Offers cruelty-free goods that are kind on the earth and your skin makes us proud. <\/li><li>Whether you're searching for a rich foundation, a bright lipstick, or a moisturizing treatment, our beauty cosmetics are designed to give you the confidence to boldly express your individual style while taking good care of your skin. <\/li><li>Examine our composition details to learn about the attention and quality that we put into each item!<\/li><\/ul>",
                        "page": "contact"
                    }
                },
                "accordion_panel_8iCFqh": {
                    "type": "accordion_panel",
                    "settings": {
                        "heading": "Shipping Information",
                        "content": "<p>Our goal at Lollipop is to make sure that customers have an easy time buying, and part of that effort is offering simple and effective shipping alternatives. To meet your demands, we provide an array of shipping options, including expedited, normal, and international delivery. You'll receive a confirmation email with tracking details as soon as your order is placed, allowing you to keep an eye on your delivery at all times. We strive hard to ship your purchase as soon as possible, and our processing time is normally two business days.<br\/><br\/>Please be aware that depending on your location and the shipping option you choose, shipping prices and delivery schedules may change. We package your things with extreme care to guarantee that they arrive undamaged and undamaged. Our customer support staff is here to assist you with any queries or worries you may have about your order. We appreciate your choice in Lollipop and are eager to send your favorite items straight to your home!<\/p>",
                        "page": ""
                    }
                },
                "description_9j4PEG": {
                    "type": "description",
                    "settings": {
                        "description_type": "collapse"
                    }
                },
                "complementary_dgDTjN": {
                    "type": "complementary",
                    "settings": {
                        "block_heading": "Featured items",
                        "product_list_limit": 3,
                        "swiper_enable": false,
                        "swiper_navigation": false
                    }
                },
                "sticky_cart_t3PWGM": {
                    "type": "sticky_cart",
                    "settings": {}
                }
            },
            "block_order": [
                "vendor_aCULpi",
                "title",
                "price",
                "text_WwxAim",
                "icon_with_text_haYaGR",
                "variant_selector_BP6J7Y",
                "quantity_tLkWrh",
                "sku_ATy9Nw",
                "checkout_buttons_7rU3TK",
                "pickup_availability_piC9xD",
                "accordion_panel_iLLGjX",
                "accordion_panel_8iCFqh",
                "description_9j4PEG",
                "complementary_dgDTjN",
                "sticky_cart_t3PWGM"
            ],
            "settings": {
                "full_width": false,
                "color_scheme": "",
                "media_position": "left",
                "slider_option": "vertical",
                "gallery_options": "none",
                "mobile_thumbnails": "show",
                "nav_style": "modern",
                "padding_top": 140,
                "padding_bottom": 140
            }
        },
        "product_info_tabs_EpJ3Mh": {
            "type": "product-info-tabs",
            "blocks": {
                "content_box_bdgMRA": {
                    "type": "content_box",
                    "settings": {
                        "title": "Vitamin B3",
                        "text": "<p>Balances oil production, soothes redness and irritation, and boosts skin suppleness. Ideal for sensitive or acne-prone skin. And it helps reduce acne and blemishes. Suitable for oily and acne-prone skin.<br\/><\/p><p>Vitamin B3, often known as niacin, is a vital component that regulates many body activities. It belongs to the B-complex vitamin group and aids enzymes in the conversion of food to energy. There are two types of Vitamin B3: nicotinic acid and niacinamide (commonly known as nicotinamide), which have somewhat different effects on the body.<br\/><br\/><\/p>",
                        "caption": "We’re Tested by",
                        "button_label": "",
                        "link": "",
                        "block_column_alignment": "start",
                        "image": "shopify:\/\/shop_images\/01_29874146-23ec-41ee-935f-6b198acd1726.png",
                        "icon": "shopify:\/\/shop_images\/logo_2.png"
                    }
                },
                "content_box_8QyUm3": {
                    "type": "content_box",
                    "settings": {
                        "title": "Vitamin E",
                        "text": "<p>An antioxidant that hydrates, protects the skin from environmental harm, and aids in healing. It is commonly found in moisturizers and serums.  A mild exfoliator that improves skin texture and tone by promoting cell turnover. <\/p><p>Vitamin E is a fat-soluble antioxidant that helps cells resist oxidative damage. It is critical for keeping healthy skin, eyes, and immune system. Vitamin E comes in eight different forms, the most physiologically active and widely used of which is alpha-tocopherol.<br\/><br\/><\/p>",
                        "caption": "We’re Tested by",
                        "button_label": "",
                        "link": "",
                        "block_column_alignment": "start",
                        "image": "shopify:\/\/shop_images\/02_fc1dce22-20f2-4a0b-bf3a-52c20c36f160.png",
                        "icon": "shopify:\/\/shop_images\/logo_2.png"
                    }
                },
                "content_box_3h6nar": {
                    "type": "content_box",
                    "settings": {
                        "title": "Provitamin B5",
                        "text": "<p>Hydrates and soothes the skin, boosts skin barrier function, and aids in wound healing. It is commonly used in moisturizers and hair care products. A natural humectant that draws and holds moisture, it also possesses antimicrobial qualities.<\/p><p>Provitamin B5, commonly known as panthenol, is a vitamin B5 precursor. It is often utilized in cosmetics and skincare products because of its hydrating and therapeutic effects. When applied to the skin or hair, panthenol is converted to pantothenic acid, which helps to retain moisture and improves general health.<\/p>",
                        "caption": "We’re Tested by",
                        "button_label": "",
                        "link": "",
                        "block_column_alignment": "start",
                        "image": "shopify:\/\/shop_images\/03_e3c11247-6d15-47cf-a06a-1949f0bc110d.png",
                        "icon": "shopify:\/\/shop_images\/logo_2.png"
                    }
                },
                "content_box_w8yVgR": {
                    "type": "content_box",
                    "settings": {
                        "title": "Vitamin K",
                        "text": "<p>Increases circulation, enhances skin suppleness, and offers anti-aging characteristics to help maintain a young appearance. Soothes and moisturizes the skin, reducing redness and providing a pleasant sensation. Vitamin K is a fat-soluble vitamin that helps with blood clotting, bone health, and other body processes. <\/p><p>Vitamin K1 (phylloquinone): Found mostly in green leafy vegetables, it is the primary source of Vitamin K in the diet. Vitamin K2 (Menaquinone): Fermented foods and animal products contain it, and microorganisms in the human stomach make it as well.<\/p>",
                        "caption": "We’re Tested by",
                        "button_label": "",
                        "link": "",
                        "block_column_alignment": "start",
                        "image": "shopify:\/\/shop_images\/04.png",
                        "icon": "shopify:\/\/shop_images\/logo_2.png"
                    }
                }
            },
            "block_order": [
                "content_box_bdgMRA",
                "content_box_8QyUm3",
                "content_box_3h6nar",
                "content_box_w8yVgR"
            ],
            "settings": {
                "full_width": false,
                "color_scheme": "",
                "sub_heading": "",
                "title": "Key Ingredients in Lollipop",
                "heading_size": "h2",
                "column_alignment": "center",
                "tab_alignment": "tab_first",
                "img_alignment": "img_first",
                "aspect_ratio": "adapt",
                "padding_top": 160,
                "padding_bottom": 120,
                "shapes": "shaper-top",
                "shape_top_color": "#ffc6ef",
                "shape_bottom_color": "#d9beff"
            }
        },
        "related-products": {
            "type": "related-products",
            "settings": {
                "full_width": false,
                "color_scheme": "scheme-4",
                "background_opacity": 100,
                "richtext": "",
                "richtext_position": "above",
                "heading": "Recommended Products",
                "heading_size": "h2",
                "column_alignment": "center",
                "products_to_show": 5,
                "vendor": true,
                "card_description": true,
                "swatch_color": true,
                "show_secondary_image": true,
                "quick_button": true,
                "product_card_column_alignment": "center",
                "card_aspect_ratio": "square",
                "desktop": "3",
                "mobile": "2",
                "swiper_enable": true,
                "auto_play": 0,
                "space": 30,
                "styles": "arrow",
                "nav_style": "classic",
                "padding_top": 160,
                "padding_bottom": 160,
                "shapes": "both",
                "shape_top_color": "#d9beff",
                "shape_bottom_color": "#d9beff"
            }
        },
        "text_with_icons_QzYRHM": {
            "type": "text-with-icons",
            "blocks": {
                "column_iydPiL": {
                    "type": "column",
                    "settings": {
                        "image": "shopify:\/\/shop_images\/045-store_f8b58b17-cfce-413a-8b62-56aefcaf288a.png",
                        "svg_icons": "",
                        "title": "In-store Pickup",
                        "block_heading_size": "h4",
                        "text": "<p>To further simplify your purchasing experience, we provide a handy in-store pickup option. \"In-store pickup\" option is available.<\/p>"
                    }
                },
                "column_QKgFHt": {
                    "type": "column",
                    "settings": {
                        "image": "shopify:\/\/shop_images\/015-call_center_dd2124a1-e9b4-4b49-b885-5b2b78c56e3e.png",
                        "svg_icons": "",
                        "title": "24\/7 Support",
                        "block_heading_size": "h4",
                        "text": "<p>Our dedication is in offering outstanding customer support at whatever time you require it. We provide 24\/7 assistance to reply  to inquiries. <\/p>"
                    }
                },
                "column_itrFt4": {
                    "type": "column",
                    "settings": {
                        "image": "shopify:\/\/shop_images\/047-truck_c3637dd9-e890-403a-9943-1b092c66dcee.png",
                        "svg_icons": "",
                        "title": "Free Shipping",
                        "block_heading_size": "h4",
                        "text": "<p>Get your favorite Lollipop cosmetics delivered right to your door with no additional expenses.  Take advantage of our rapid Shipping!<\/p>"
                    }
                }
            },
            "block_order": [
                "column_iydPiL",
                "column_QKgFHt",
                "column_itrFt4"
            ],
            "settings": {
                "full_width": false,
                "color_scheme": "scheme-d307d29a-9545-413c-87c5-947d9583e798",
                "background_opacity": 100,
                "richtext": "",
                "text_position": "below",
                "title": "",
                "heading_size": "h1",
                "column_alignment": "center",
                "block_column_alignment": "center",
                "block_color_scheme": "",
                "block_background": "column-background",
                "border_style": "full-border",
                "icon_color_scheme": "",
                "icon_block_background": "icon-background",
                "icon_position": "top",
                "icon_style": "default",
                "show_case_image_width": 100,
                "desktop": "3",
                "mobile": "1",
                "swiper_enable": true,
                "auto_play": 0,
                "space": 20,
                "style": "none",
                "nav_style": "classic",
                "padding_top": 140,
                "padding_bottom": 140,
                "shapes": "none",
                "shape_top_color": "#ffffff",
                "shape_bottom_color": "#ffffff"
            }
        }
    },
    "order": [
        "main",
        "product_info_tabs_EpJ3Mh",
        "related-products",
        "text_with_icons_QzYRHM"
    ]
}