{"name":"t:sections.footer.name","type":"footer","sections":{"footer":{"type":"footer","blocks":{"newsletter_BHr4k6":{"type":"newsletter","disabled":true,"settings":{"newsletter_heading":"Newsletter","social_enable":true}},"brand_information_QVc4qH":{"type":"brand_information","settings":{"hide_menu_heading":false}},"link_list_bmRYzN":{"type":"link_list","settings":{"menu":"main-menu","heading":"Preset","hide_menu_heading":false}},"social_icon_UgPbMt":{"type":"social_icon","settings":{"heading":"Share with us","hide_menu_heading":false}},"link_list_mhM7mc":{"type":"link_list","disabled":true,"settings":{"menu":"footer","heading":"Pages","hide_menu_heading":false}},"link_list_f3GN9L":{"type":"link_list","disabled":true,"settings":{"menu":"footer","heading":"Collections","hide_menu_heading":false}},"logo_cdwE6T":{"type":"logo","disabled":true,"settings":{"image":"shopify:\/\/shop_images\/Layer_1_2.png"}}},"block_order":["newsletter_BHr4k6","brand_information_QVc4qH","link_list_bmRYzN","social_icon_UgPbMt","link_list_mhM7mc","link_list_f3GN9L","logo_cdwE6T"],"settings":{"full_width":true,"color_scheme":"scheme-4","enable_follow_on_shop":false,"enable_country_selector":true,"enable_language_selector":true,"payment_enable":false,"show_policy":true,"footer_column_option":"fullwidth","icon_style":"classic","desktop_text_align":"left","enable_collapse":false,"text_align":"center","margin_top":0,"padding_top":40,"padding_bottom":40}}},"order":["footer"]}