{"name":"t:sections.header.name","type":"header","sections":{"announcement_bar_NM8agT":{"type":"announcement-bar","blocks":{"announcement_MgznkM":{"type":"announcement","settings":{"text":"Free shipping on all orders over $500 and above"}},"announcement_Tbxn3M":{"type":"announcement","settings":{"text":"<a href=\"\/collections\" title=\"All collections\">Save upto 50%<\/a>  with code with code"}},"announcement_3fNWLQ":{"type":"announcement","settings":{"text":"Free shipping on all orders over $500 and above"}},"announcement_YFaCRe":{"type":"announcement","settings":{"text":"<a href=\"\/collections\" title=\"All collections\">Save upto 50%<\/a>  with code with code"}},"announcement_BgqMCx":{"type":"announcement","disabled":true,"settings":{"text":"Free shipping on all orders over $500 and above"}}},"block_order":["announcement_MgznkM","announcement_Tbxn3M","announcement_3fNWLQ","announcement_YFaCRe","announcement_BgqMCx"],"settings":{"full_width":true,"color_scheme":"scheme-3","disable_announcement_bar_mobile":false,"announcement_bar_style":"horizontal","timer":20,"direction":"forward","enable_social_icons":false,"enable_contact_information":false,"contact_information":"<p><a href=\"tel:915867449588\" target=\"_blank\" title=\"tel:915867449588\">+915867449588<\/a><\/p>"}},"header":{"type":"header","blocks":{"promo_banner_YYCdWK":{"type":"promo_banner","settings":{"mega_1":"shop","mega_columns":"five-column","banner_style":"right","image_1":"shopify:\/\/shop_images\/01_f4f9e55a-0c91-4e91-98e1-b87aee5ade5c.png","title_1":"Moisturizers","button_1":"sale","link_1":"shopify:\/\/collections\/cleansers","image_2":"shopify:\/\/shop_images\/02_bbed6fd5-a0af-45f7-90be-d8aebacb66b9.png","title_2":"Cleanser","button_2":"hot","link_2":"shopify:\/\/collections\/eye-cosmetics"}}},"block_order":["promo_banner_YYCdWK"],"settings":{"full_width":true,"logo_position":"middle-left","menu":"main-menu","sticky_header_type":"none","menu_style":"without_border","logo":"shopify:\/\/shop_images\/wdt-lp-logo.svg","logo_width":180,"color_scheme":"scheme-4","search":true,"account":true,"enable_country_selector":false,"enable_language_selector":false,"enable_customer_avatar":true}}},"order":["announcement_bar_NM8agT","header"]}