{"type":"custom.overlay","name":"t:sections.overlay-group.name","sections":{"floating-video":{"type":"floating-video","disabled":true,"settings":{"display_section":true,"video":"shopify:\/\/files\/videos\/-dd2e-4429-b9bd-30070ba9e13e.webm","enable_video_looping":false}},"newsletter-popup":{"type":"newsletter-popup","disabled":true,"settings":{"color_scheme":"","heading":"Subscribe to our newsletter","heading_size":"h2","update":"Agree to subscribe and get special offers, free giveaways updates.","layout_position":"bottom_left","cookie_expires":1,"cookie_modal_delay":"1000"}},"scroll-to-top":{"type":"scroll-to-top","disabled":true,"settings":{}},"age_verification_kPqqaD":{"type":"age-verification","disabled":true,"settings":{"color_scheme":"","heading":"Confirm your age","heading_size":"h3","description":"Are you 18 years of age or older?","column_alignment":"center","accept_btn":"Yes I'm 18+","decline_btn":"No I'm not"}}},"order":["floating-video","newsletter-popup","scroll-to-top","age_verification_kPqqaD"]}