{"current":{"favicon":"shopify:\/\/shop_images\/Tabicon_2.png","type_header_font":"cooper_bt_n7","type_body_font":"basic_commercial_soft_rounded_n4","page_width":102,"card_style":"classic","enable_scroll_to_top":false,"animation":"","background_image":"shopify:\/\/shop_images\/Preset_01.png","currency_code_enabled":false,"border_thickness":2,"corner_radius":36,"shadow_thickness":3.2,"text_stroke":1.5,"shadow_opacity":100,"buttons_border_thickness":2,"button_shape":"classic","buttons_shadow_horizontal_offset":3,"buttons_shadow_vertical_offset":4,"input_border_thickness":2,"input_border_radius":15,"card_color_scheme":"scheme-1","card_background_opacity":0,"collection_card_color_scheme":"scheme-4","collection_card_column_alignment":"center","collection_card_aspect_ratio":"Portrait","blog_card_background":"scheme-1","blog_background_opacity":0,"brand_headline":"","brand_description":"<p>Our products, ranges from bright highlighters to bold lip colors and everything in between, are made to accentuate your inherent beauty.<\/p>","brand_image":"shopify:\/\/shop_images\/D_D_D_D__1_2.png","brand_image_width":465,"social_facebook_link":"#","social_instagram_link":"#","social_youtube_link":"","social_tiktok_link":"#","social_twitter_link":"#","social_snapchat_link":"","social_pinterest_link":"#","social_tumblr_link":"","social_vimeo_link":"","cart_type":"drawer","show_cart_note":true,"enable_goal":true,"goal":500,"color_scheme":"scheme-4","search_color_scheme":"scheme-4","search_type":"form","show_price":true,"show_pages":true,"show_collections":true,"swatch_shape":"circle","color_swatches":"Red: red.png\nPink: pink.png","blog_style":"classic","card_border_thickness":2,"card_corner_radius":0,"blog_card_color_scheme":"scheme-1","blog_column_alignment":"center","blog_aspect_ratio":"adapt","show_vendor":true,"vendor":false,"description":true,"swatch_color":false,"show_secondary_image":false,"product_card_column_alignment":"start","card_aspect_ratio":"adapt","background_opacity":0,"section_border_thickness":2,"section_border_radius":38,"button_border_radius":15,"body_scale":130,"heading_scale":100,"logo":"shopify:\/\/shop_images\/wdt-lp-logo.svg","logo_width":180,"search":true,"account":true,"sections":{"floating-video":{"type":"floating-video","settings":{"display_section":true,"video":"shopify:\/\/files\/videos\/-dd2e-4429-b9bd-30070ba9e13e.webm","enable_video_looping":false}}},"content_for_index":[],"blocks":{"15588394620387169604":{"type":"shopify:\/\/apps\/subify-subscriptions-app\/blocks\/app-embed-block\/bc0dba25-cd46-4841-bea4-6bdfe9ac815f","disabled":true,"settings":{}}},"color_schemes":{"scheme-1":{"settings":{"background":"#ffc6ef","text":"#000000","heading_color":"#ffffff","button":"#f7559f","button_label":"#ffffff","button_border":"#000000","secondary_button":"#d9beff","secondary_button_label":"#ffffff","secondary_border":"#000000","color_border":"#000000","color_input":"#ffc6ef","color_input_text":"#000000","link_color":"#f7559f","link_hover":"#d9beff"}},"scheme-2":{"settings":{"background":"#d9beff","text":"#000000","heading_color":"#ffffff","button":"#ffc6ef","button_label":"#ffffff","button_border":"#000000","secondary_button":"#ffc6ef","secondary_button_label":"#ffffff","secondary_border":"#000000","color_border":"#000000","color_input":"#ffc6ef","color_input_text":"#000000","link_color":"#f7559f","link_hover":"#ffffff"}},"scheme-3":{"settings":{"background":"#f7559f","text":"#ffffff","heading_color":"#ffffff","button":"#d9beff","button_label":"#ffffff","button_border":"#000000","secondary_button":"#ffc6ef","secondary_button_label":"#ffffff","secondary_border":"#000000","color_border":"#000000","color_input":"#ffc6ef","color_input_text":"#000000","link_color":"#ffffff","link_hover":"#d9beff"}},"scheme-4":{"settings":{"background":"#d9beff","text":"#000000","heading_color":"#ffffff","button":"#f7559f","button_label":"#ffffff","button_border":"#000000","secondary_button":"#ffc6ef","secondary_button_label":"#ffffff","secondary_border":"#000000","color_border":"#000000","color_input":"#ffc6ef","color_input_text":"#000000","link_color":"#f7559f","link_hover":"#ffffff"}}}},"presets":{"Default":{"logo_width":90,"color_schemes":{"scheme-1":{"settings":{"background":"#FFFFFF","text":"#121212","button":"#121212","button_label":"#FFFFFF","secondary_button_label":"#121212","shadow":"#121212"}},"scheme-2":{"settings":{"background":"#F3F3F3","text":"#121212","button":"#121212","button_label":"#F3F3F3","secondary_button_label":"#121212","shadow":"#121212"}},"scheme-3":{"settings":{"background":"#242833","text":"#FFFFFF","button":"#FFFFFF","button_label":"#000000","secondary_button_label":"#FFFFFF","shadow":"#121212"}},"scheme-4":{"settings":{"background":"#121212","text":"#FFFFFF","button":"#FFFFFF","button_label":"#121212","secondary_button_label":"#FFFFFF","shadow":"#121212"}},"scheme-5":{"settings":{"background":"#334FB4","text":"#FFFFFF","button":"#FFFFFF","button_label":"#334FB4","secondary_button_label":"#FFFFFF","shadow":"#121212"}}},"type_header_font":"assistant_n4","heading_scale":100,"type_body_font":"assistant_n4","body_scale":100,"spacing_sections":0}}}